INSERT INTO Customer (CustomerID, CustomerName,CustomerAddress,CustomerPhoneNumber,CustomerEmailAddress) VALUES 
	('CU001', 'Duncan Crosby','695-2448 Etiam Road','081-441-152-644','Nulla@auctor.net'),
    ('CU002', 'William Rice','Ap #157-9962 Convallis Av.','081-342-367-249','consequat@egestas.edu'),
    ('CU003', 'Rama Wilder','P.O. Box 861, 759 Nunc Street','081-369-242-781','sed.hendrerit@necimperdietnec.edu'),
    ('CU004', 'Hayes Terrell','P.O. Box 908, 3736 In Road','081-258-392-466','Quisque.tincidunt.pede@Vivamusnibhdolor.co.uk'),
    ('CU005', 'Ivor Battle','P.O. Box 943, 6612 Felis. St.','081-846-969-287','a.neque.Nullam@cursusNuncmauris.org'),
    ('CU006', 'Mary Yates','851-9429 Tincidunt Avenue','081-195-046-321','Etiam.vestibulum@sit.net'),
    ('CU007', 'Bell Moreno','700-7208 Magna. Rd.','081-284-621-651','odio@quamCurabitur.org'),
    ('CU008', 'Allistair Harrington','Ap #485-5637 Mauris Av.','081-996-705-498','tempus@tristiquenequevenenatis.org'),
    ('CU009', 'Minerva Whitley','831-102 At, Road','081-832-960-064','orci@semperNam.co.uk'),
    ('CU010', 'David Rhodes','P.O. Box 581, 1392 Lobortis Av.','081-869-165-673','sodales.nisi.magna@primisin.co.uk'),
    ('CU011', 'Ivana Dale','978-8207 Ac Rd.','081-281-316-319','metus.urna.convallis@semperNam.org'),
    ('CU012', 'Bianca Goodwin','P.O. Box 867, 589 Non, Street','081-218-787-936','tristique@dolorNulla.co.uk'),
    ('CU013', 'Uriel Fuller','P.O. Box 984, 8937 Cras Street','081-222-271-877','ipsum@egetlacus.edu'),
    ('CU014', 'Joy Hogan','P.O. Box 543, 2376 Mauris. Ave','081-739-295-577','tempus@ametdapibus.ca'),
    ('CU015', 'Stephanie Solomon','Ap #909-3927 Ac Road','081-182-784-528','vel.faucibus.id@eros.ca'),
    ('CU016', 'Gay Mcknight','P.O. Box 567, 9198 Enim Rd.','081-993-158-765','aptent@aliquetnec.net'),
    ('CU017', 'Kelsie Allen','200-3914 Duis Street','081-377-657-287','congue.a@nonloremvitae.org'),
    ('CU018', 'Tiger Mcdaniel','Ap #727-8980 Laoreet St.','081-957-189-783','in.hendrerit.consectetuer@justonec.co.uk'),
    ('CU019', 'Tallulah Wilcox','4274 Interdum St.','081-233-668-235','volutpat@ligula.edu'),
    ('CU020', 'Jamalia Odonnell','9241 Vehicula. Rd.','081-440-578-540','In.at@nectempusmauris.org'),
    ('CU021', 'Jada Lester','1974 Tempor Av.','081-666-479-843','ac.libero.nec@vel.com'),
    ('CU022', 'Leila Chen','Ap #138-6334 Sed, Road','081-904-365-793','nisl@Curabitur.co.uk'),
    ('CU023', 'Holmes Robinson','Ap #881-5920 Euismod Av.','081-221-753-430','amet.risus@urnajusto.co.uk'),
    ('CU024', 'Hanae Lester','Ap #982-4729 Est Av.','081-630-273-297','dolor.sit.amet@metussitamet.edu'),
    ('CU025', 'Hilary Rutledge','4168 Sapien. Rd.','081-254-015-255','est.arcu.ac@arcu.com'),
    ('CU026', 'Asher Bennett','Ap #934-1170 Mauris. Avenue','081-890-432-914','Nam.consequat@eleifendnec.com'),
    ('CU027', 'Teagan Patel','Ap #332-4505 Tortor Avenue','081-210-225-955','tortor.at@dictum.edu'),
    ('CU028', 'Lamar Sawyer','3304 Dictum Avenue','081-580-366-954','sem@acsemut.co.uk'),
    ('CU029', 'Dexter Coffey','P.O. Box 961, 985 Feugiat. Avenue','081-293-144-129','aliquam@mollisduiin.com'),
    ('CU030', 'Angelica Kaufman','277-3597 Quisque Rd.','081-101-349-928','a@molestieorcitincidunt.net'),
    ('CU031', 'Mark Foreman','P.O. Box 749, 1199 Commodo Road','081-904-757-749','rutrum.non@convallisantelectus.edu'),
    ('CU032', 'Micah French','329-7256 Est Avenue','081-531-644-404','tempor.bibendum@non.ca'),
    ('CU033', 'Maxine Trevino','377-1891 A Road','081-458-604-092','consequat@Duis.com'),
    ('CU034', 'Micah Sweet','590-7428 Vestibulum Rd.','081-152-280-612','ligula.Aenean.gravida@mifelis.net'),
    ('CU035', 'Sopoline David','P.O. Box 442, 8381 Tristique Av.','081-486-223-615','nisl.Nulla.eu@hendrerita.org'),
    ('CU036', 'Kaye Maldonado','588-4495 Lectus Rd.','081-128-227-278','cursus@turpisIncondimentum.edu'),
    ('CU037', 'Alea Schneider','P.O. Box 541, 5703 Id, Av.','081-421-591-293','eget.ipsum@euodioPhasellus.com'),
    ('CU038', 'Brady Berger','P.O. Box 715, 8729 Nibh St.','081-582-301-408','auctor@morbitristiquesenectus.edu'),
    ('CU039', 'Adrian Wilson','964-8641 Ligula Street','081-358-463-610','pretium@enimEtiam.co.uk'),
    ('CU040', 'Ryan Melendez','1752 Pede St.','081-674-101-435','sagittis.semper.Nam@cursusnon.edu'),
    ('CU041', 'Deacon Robinson','Ap #482-3749 Arcu Rd.','081-132-943-365','arcu.ac.orci@ascelerisquesed.com'),
    ('CU042', 'Kevyn Simpson','P.O. Box 316, 830 Dolor Rd.','081-567-710-670','dapibus.ligula.Aliquam@mi.net'),
    ('CU043', 'Cynthia Olson','350-3644 Luctus Street','081-793-577-171','ut.molestie.in@quamafelis.org'),
    ('CU044', 'Vera Barr','1012 Nisi Av.','081-881-093-546','turpis.egestas.Fusce@laciniavitaesodales.edu'),
    ('CU045', 'Teagan Mcneil','P.O. Box 658, 1562 Amet Rd.','081-342-641-716','augue@magnaUttincidunt.com'),
    ('CU046', 'Nigel Sims','Ap #419-7084 Odio. St.','081-916-348-702','sodales.nisi@euismodurna.net'),
    ('CU047', 'Burton Willis','4138 Donec Avenue','081-505-942-164','velit.eu@atvelitPellentesque.edu'),
    ('CU048', 'Paki Gates','696-8868 Tincidunt Ave','081-019-072-858','adipiscing@Nunc.co.uk'),
    ('CU049', 'Irma Forbes','7667 Arcu Av.','081-822-978-635','elementum@MorbivehiculaPellentesque.edu'),
    ('CU050', 'Leilani Morton','311-243 Eu Ave','081-407-228-097','ipsum.Phasellus@est.ca'),
    ('CU051', 'Angela Quinn','4208 Tincidunt Av.','081-665-908-189','Nunc.mauris.elit@semperpretium.edu'),
    ('CU052', 'Mariam Booth','P.O. Box 845, 9832 Odio. St.','081-778-714-027','mi.felis.adipiscing@arcuSed.net'),
    ('CU053', 'Fitzgerald Dorsey','365-4003 A, Rd.','081-633-812-450','Aliquam@penatibus.edu'),
    ('CU054', 'Mia Boone','787 Turpis. Ave','081-965-755-627','eu@cursusIntegermollis.org'),
    ('CU055', 'Ava Henry','6233 Lorem St.','081-598-887-298','metus.Aenean@nullaCraseu.edu'),
    ('CU056', 'Mechelle Duffy','P.O. Box 377, 1553 Eleifend Ave','081-168-192-403','risus.Quisque.libero@pellentesquetellus.org'),
    ('CU057', 'Grace Grimes','Ap #239-7054 Magna. Rd.','081-786-625-042','non.lacinia@lobortisnisi.com'),
    ('CU058', 'Brock Oneill','629-9987 Magnis Rd.','081-221-438-895','massa@loremfringillaornare.com'),
    ('CU059', 'Charles Hooper','P.O. Box 353, 6190 Id Av.','081-571-951-515','mollis.dui@non.net'),
    ('CU060', 'Stacey Randolph','769-5446 Cras Rd.','081-182-644-037','felis.Nulla.tempor@habitantmorbi.com'),
    ('CU061', 'Bell Velazquez','475-6324 At Ave','081-208-086-217','Sed.et.libero@metusIn.com'),
    ('CU062', 'Gray James','6177 Erat. St.','081-486-530-949','sodales.purus.in@anteipsumprimis.co.uk'),
    ('CU063', 'Jocelyn Dean','437-8782 Egestas Av.','081-181-623-786','Fusce.mollis.Duis@convallisincursus.org'),
    ('CU064', 'Wallace Kline','P.O. Box 939, 1435 Libero. Ave','081-206-221-778','ac@Donectincidunt.net'),
    ('CU065', 'Wang Jordan','P.O. Box 905, 8638 Suspendisse Rd.','081-652-726-422','augue.scelerisque@utquam.net');
    
INSERT INTO Employee (EmployeeID, EmployeeName,EmployeeDOB,EmployeeGender,EmployeeAddress,EmployeePhoneNumber,EmployeeEmailAddress) VALUES 
	('EM001','Chiquita Stevenson','1997-06-29','Male','6884 Gravida Road','081-723-487-657','in.consectetuer@nasceturridiculus.co.uk'),
    ('EM002','Magee Williams','1991-03-29','Female','Ap #743-3773 Proin Rd.','081-223-710-908','purus@auctor.org'),
    ('EM003','Lance Glover','1990-12-28','Female','P.O. Box 720, 8443 Viverra. Street','081-684-186-189','rutrum.lorem@laoreetliberoet.net'),
    ('EM004','Naida Turner','1995-06-14','Male','Ap #379-2440 Nec Street','081-539-248-562','purus.ac.tellus@tellussemmollis.net'),
    ('EM005','Laith Rogers','1988-06-05','Female','P.O. Box 255, 2662 In Rd.','081-117-643-994','eu@ultricesmaurisipsum.net'),
    ('EM006','Brock Ball','1986-01-11','Male','3907 Maecenas St.','081-615-542-240','Sed.malesuada@aliquamenimnec.co.uk'),
    ('EM007','Edward Baxter','1996-07-20','Male','Ap #443-3244 Phasellus Street','081-798-782-564','lacus.Ut.nec@Uttinciduntvehicula.edu'),
    ('EM008','Geraldine Nicole','1987-08-01','Female','P.O. Box 219, 4219 Urna St.','081-334-623-104','aliquet.molestie@vel.net'),
    ('EM009','Arthur White','1994-09-17','Male','P.O. Box 398, 5267 Duis Street','081-605-643-189','quis.pede.Suspendisse@tristiquenequevenenatis.net'),
    ('EM010','Eugenia Sargent','1994-12-13','Female','3192 Sapien, Street','081-025-729-150','accumsan@Incondimentum.ca'),
    ('EM011','Ruth Pittman','1985-05-10','Female','242-9509 Ut, St.','081-388-124-557','tincidunt.neque@nec.co.uk'),
    ('EM012','Lisandra Torres','1996-08-24','Male','208 Vivamus Street','081-755-604-593','ornare@maurisid.edu'),
    ('EM013','Chanda Aguirre','1995-11-28','Male','P.O. Box 242, 9389 Ultrices Ave','081-019-956-027','a.aliquet@sollicitudinorci.edu'),
    ('EM014','Price Mcdaniel','1990-02-16','Male','Ap #824-4109 Libero Avenue','081-000-007-902','sed.orci@tellus.com'),
    ('EM015','Jackson Hill','1996-02-16','Male','P.O. Box 260, 5035 Aliquam Street','081-833-486-068','eu.nulla.at@ornareInfaucibus.net');
    
INSERT INTO EmployeeShift (ShiftCode, StartTime, EndTime) VALUES
	('SC001', '08:00:00', '15:00:00'),
    ('SC002', '15:00:00', '22:00:00')
    
INSERT INTO Supplier (SupplierID, SupplierCompany, SupplierPhoneNumber) VALUES 
	('SU001', 'Cheney Brothers','081-186-386-656'),
    ('SU002', 'Cooper-Booth Wholesale Co.','081-668-553-869'),
    ('SU003', 'Food Services of America','081-270-091-617'),
    ('SU004', 'Labatt Food Service','081-875-617-343'),
    ('SU005', 'Performance Food Group','081-048-124-427'),
    ('SU006', 'Porky Products','081-755-146-799'),
    ('SU007', 'Shamrock Foods','081-378-394-760'),
    ('SU008', 'Sysco','081-390-626-339'),
    ('SU009', 'Reinhart Foodservice','081-738-637-731'),
    ('SU010', 'Gordon Food Service','081-419-996-571'),
    ('SU011', 'Glazier Foods','081-605-652-107'),
    ('SU012', 'US Foods','081-771-428-516');
    
INSERT INTO Chef (EmployeeID, Specialization) VALUES
	('EM003', 'Executive Chef'),
    ('EM004', 'Patissier'),
    ('EM005', 'Entremetier'),
    ('EM006', 'Rotisseur'),
    ('EM007', 'Fry Cook');
    
INSERT INTO Courier (EmployeeID, Region) VALUES
	('EM008', '1'),
    ('EM009', '2'),
    ('EM010', '3'),
    ('EM011', '4');

INSERT INTO Cashier (EmployeeID, CashierPassword) VALUES
	('EM012', 'By5Tzx9Q'),
    ('EM013', 'c6VGY3cD'),
    ('EM014', 'cBNld6CH'),
    ('EM015', 'gvq2nwB8');
    
INSERT INTO Manager (EmployeeID, Division) VALUES
	('EM001', 'Financial Manager'),
    ('EM002', 'Operational Manager');


INSERT INTO IngredientsList (IngredientsID, IngredientsName) VALUES
	('IN001','Beras'), ('IN002','Telur'),('IN003','Kecap'),('IN004','Daun Bawang'),
    ('IN005','Bawang Merah'),('IN006','Bawang Putih'),('IN007','Mie'),('IN008','Udang'),
    ('IN009','Sawi'),('IN010','Kwetiaw'),('IN011','Tomat'),('IN012','Daun Seledri'),
    ('IN013','Sapi'),('IN014','Jahe'),('IN015','Lada'),('IN016','Ayam Paha'),
    ('IN017','Ayam Dada'),('IN018','Bawang Bombay'),('IN019','Ikan Bandeng'),
    ('IN020','Ikan Bawal'),('IN021','Ikan Nila'),('IN022','Belut'),('IN023','Cumi'),
    ('IN024','Tepung'),('IN025','Kentang'),('IN026','Jamur'),('IN027','Tahu'),
    ('IN028','Tempe'),('IN029','Pete'),('IN030','Terong'),('IN031','Kangkung'),
    ('IN032','Toge'),('IN033','Ikan Asin'),('IN034','Bayam'),('IN035','Wortel'),
    ('IN036','Jagung'),('IN037','Labu'),('IN038','Kacang Panjang'),('IN039','Kacang Tanah'),
    ('IN040','Melinjo'),('IN041','Jagung Muda'),('IN042','Baso Ikan'),('IN043','Teh'),
    ('IN044','Gula'),('IN045','Alpukat'),('IN046','Jambu'),('IN047','Melon'),('IN048','Jeruk'),
    ('IN049','Apel'),('IN050','Mangga'),('IN051','Lemon'),('IN052','Susu Coklat'),
    ('IN053','Susu Vanilla'),('IN054','Cocacola'),('IN055','Fanta'),('IN056','Sprite'),('IN057','Susu Strawberry');


    
INSERT INTO product (ProductID, EmployeeID, ProductName, ProductPrice) VALUES
	('PR001', 'EM003', 'Nasi', 6000.00),
    ('PR002','EM007','Nasi Goreng',25000.00),
    ('PR003','EM007','Mie Goreng',26500.00),
    ('PR004','EM007','Kwetiaw Goreng',26500.00),
    ('PR005','EM005','Sapi Lada Hitam',28000.00),
    ('PR006','EM006','Ayam Goreng Dada',15000.00),
    ('PR007','EM006','Ayam Goreng Paha',15000.00),
    ('PR008','EM006','Ikan Bandeng Goreng',33000.00),
    ('PR009','EM006','Ikan Bawal Goreng',32000.00),
    ('PR010','EM006','Ikan Nila Goreng',33000.00),
    ('PR011','EM006','Belut Goreng',22000.00),
    ('PR012','EM007','Udang Goreng Tepung',34500.00),
    ('PR013','EM007','Cumi Goreng Tepung',23500.00),
    ('PR014','EM007','Kentang Goreng',12000.00),
    ('PR015','EM007','Jamur Goreng',16500.00),
    ('PR016','EM007','Perkedel',4500.00),
    ('PR017','EM007','Telur dadar',6000.00),
    ('PR018','EM007','Telur Ceplok',6000.00),
    ('PR019','EM007','Tahu Goreng',10000.00),
    ('PR020','EM007','Tempe Goreng',10000.00),
    ('PR021','EM007','Pete Goreng',16000.00),
    ('PR022','EM007','Terong Goreng',16000.00),
    ('PR023','EM005','Cah Kangkung',22000.00),
    ('PR024','EM005','Toge Ikan Asin',22000.00),
    ('PR025','EM005','Sayur Bayam',18000.00),
    ('PR026','EM005','Sayur Asem',15000.00),
    ('PR027','EM005','Capcay',25000.00),
    ('PR028','EM004','Teh Manis',7000.00),
    ('PR029','EM004','Teh Tawar',6000.00),
    ('PR030','EM004','Jus Alpokat',12500.00),
    ('PR031','EM004','Jus Jambu',12500.00),
    ('PR032','EM004','Jus Melon',14000.00),
    ('PR033','EM004','Jus Tomat',11000.00),
    ('PR034','EM004','Jus Jeruk',15000.00),
    ('PR035','EM004','Jus Apel',13500.00),
    ('PR036','EM004','Jus Mangga',15500.00),
    ('PR037','EM004','Jus Wortel',12500.00),
    ('PR038','EM004','Lemon Tea',10000.00),
    ('PR039','EM004','Milkshake Coklat',17500.00),
    ('PR040','EM004','Milkshake Vanilla',17500.00),
    ('PR041','EM004','Milkshake Strawberry',17500.00),
    ('PR042','EM004','Cocacola',10000.00),
    ('PR043','EM004','Fanta',10000.00),
    ('PR044','EM004','Sprite',10000.00);


INSERT INTO package (PackageID, EmployeeID, PackageName, PackagePrice) VALUES
	('PP001', 'EM003', 'Paket A', 42000.00),
    ('PP002', 'EM003', 'Paket B', 43000.00),
    ('PP003', 'EM003', 'Paket C', 46000.00),
    ('PP004', 'EM003', 'Paket D', 44000.00),
    ('PP005', 'EM003', 'Paket E', 37500.00);

INSERT INTO detailpackage (PackageID, ProductID, Qty) VALUES
	('PP001', 'PR001', 1), ('PP001', 'PR006', 1), ('PP001', 'PR020', 1), ('PP001', 'PR019', 1), ('PP001', 'PR028', 1),
    ('PP002', 'PR001', 1), ('PP002', 'PR008', 1), ('PP002', 'PR023', 1), ('PP002', 'PR038', 1),
    ('PP003', 'PR001', 1), ('PP003', 'PR005', 1), ('PP003', 'PR017', 1), ('PP003', 'PR043', 1),
    ('PP004', 'PR001', 1), ('PP004', 'PR012', 1), ('PP004', 'PR016', 1), ('PP004', 'PR029', 1),
    ('PP005', 'PR003', 1), ('PP005', 'PR016', 1), ('PP005', 'PR018', 1), ('PP005', 'PR039', 1);

INSERT INTO recipe (ProductID, IngredientsID, IngredientsAmount) VALUES
	('PR001', 'IN001', 1),
    ('PR002', 'IN001', 1), ('PR002', 'IN002', 2), ('PR002', 'IN003', 1), ('PR002', 'IN004', 2), ('PR002', 'IN005', 2), ('PR002', 'IN006', 2), ('PR002', 'IN042', 5),
    ('PR003', 'IN007', 1), ('PR003', 'IN003', 1), ('PR003', 'IN006', 2), ('PR003', 'IN008', 3), ('PR003', 'IN009', 2), ('PR003', 'IN042', 5),
    ('PR004', 'IN010', 1), ('PR004', 'IN002', 2), ('PR004', 'IN003', 1), ('PR004', 'IN004', 2), ('PR004', 'IN005', 2), ('PR004', 'IN006', 2), ('PR004', 'IN042', 5), ('PR004', 'IN011', 2),
    ('PR005', 'IN013', 2), ('PR005', 'IN006', 5), ('PR005', 'IN014', 4), ('PR005', 'IN015', 3), 
    ('PR006', 'IN016', 1), ('PR006', 'IN018', 2), ('PR006', 'IN012', 2), ('PR006', 'IN003', 1), 
    ('PR007', 'IN017', 1), ('PR007', 'IN018', 2), ('PR007', 'IN012', 2), ('PR007', 'IN003', 1), 
    ('PR008', 'IN019', 1), ('PR008', 'IN005', 2), ('PR008', 'IN006', 2), ('PR008', 'IN014', 2), ('PR008', 'IN015', 2), 
    ('PR009', 'IN020', 1), ('PR009', 'IN005', 2), ('PR009', 'IN006', 2), ('PR009', 'IN014', 2), ('PR009', 'IN015', 2),
    ('PR010', 'IN021', 1), ('PR010', 'IN005', 2), ('PR010', 'IN006', 2), ('PR010', 'IN014', 2), ('PR010', 'IN015', 2),
    ('PR011', 'IN022', 1), ('PR011', 'IN005', 2), ('PR011', 'IN006', 2), 
    ('PR012', 'IN008', 1), ('PR012', 'IN024', 4), ('PR012', 'IN006', 2), 
    ('PR013', 'IN023', 1), ('PR013', 'IN024', 1), ('PR013', 'IN015', 1),
    ('PR014', 'IN025', 1), 
    ('PR015', 'IN026', 1), ('PR015', 'IN024', 1), 
    ('PR016', 'IN025', 1), ('PR016', 'IN004', 2), ('PR016', 'IN002', 2), ('PR016', 'IN015', 3), 
    ('PR017', 'IN002', 1), ('PR017', 'IN012', 3), 
    ('PR018', 'IN002', 1), 
    ('PR019', 'IN027', 2), 
    ('PR020', 'IN028', 2),
    ('PR021', 'IN029', 3),
    ('PR022', 'IN030', 3),
    ('PR023', 'IN031', 1), ('PR023', 'IN005', 3), ('PR023', 'IN006', 3), ('PR023', 'IN011', 2), 
    ('PR024', 'IN032', 5), ('PR024', 'IN033', 4), ('PR024', 'IN018', 2), ('PR024', 'IN006', 3), ('PR024', 'IN011', 2), 
    ('PR025', 'IN034', 4), ('PR025', 'IN005', 3), ('PR025', 'IN006', 3), ('PR025', 'IN035', 4), 
    ('PR026', 'IN036', 3), ('PR026', 'IN037', 2), ('PR026', 'IN039', 2), ('PR026', 'IN039', 2), ('PR026', 'IN040', 2), 
    ('PR027', 'IN041', 4), ('PR027', 'IN035', 2), ('PR027', 'IN009', 3), ('PR027', 'IN017', 4), ('PR027', 'IN042', 3), ('PR027', 'IN002', 2), ('PR027', 'IN006', 3),
    ('PR028', 'IN043', 1), ('PR028', 'IN044', 2), 
    ('PR029', 'IN043', 1),
    ('PR030', 'IN045', 1), ('PR030', 'IN044', 2), 
    ('PR031', 'IN046', 1), ('PR031', 'IN044', 2), 
    ('PR032', 'IN047', 1), ('PR032', 'IN044', 2), 
    ('PR033', 'IN011', 1), ('PR033', 'IN044', 2), 
    ('PR034', 'IN048', 1), ('PR034', 'IN044', 2), 
    ('PR035', 'IN049', 1), ('PR035', 'IN044', 2), 
    ('PR036', 'IN050', 1), ('PR036', 'IN044', 2), 
    ('PR037', 'IN035', 1), ('PR037', 'IN044', 2),
    ('PR038', 'IN051', 1), ('PR038', 'IN044', 2), ('PR038', 'IN043', 1), 
    ('PR039', 'IN052', 1), ('PR039', 'IN044', 2),
    ('PR040', 'IN053', 1), ('PR040', 'IN044', 2),
    ('PR041', 'IN057', 1), ('PR041', 'IN044', 2), 
    ('PR042', 'IN054', 1),
    ('PR043', 'IN055', 1),
    ('PR044', 'IN056', 1);
    

INSERT INTO IngredientsStock (IngredientsID, DetailName, IngredientsStock, IngredientsPrice, ExpiryDate, MaxStock, MinStock) VALUES
	('IN001', 'Beras', 20, 1000.00, '2015-01-15', 20, 4),
    ('IN002', 'Telur', 20, 500.00, '2015-01-15', 20, 4),
    ('IN003', 'Kecap', 20, 500.00, '2015-01-15', 20, 4),
    ('IN004', 'Daun Bawang', 20, 500.00, '2015-01-15', 20, 4),
    ('IN005', 'Bawang Merah', 20, 1000.00, '2015-01-15', 20, 4),
    ('IN006', 'Bawang Putih', 20, 1000.00, '2015-01-15', 20, 4),
    ('IN007', 'Mie', 20, 1500.00, '2015-01-15', 20, 4),
    ('IN008', 'Udang', 20, 5000.00, '2015-01-15', 20, 4),
    ('IN009', 'Sawi', 20, 1000.00, '2015-01-15', 20, 4),
    ('IN010', 'Kwetiaw', 20, 3000.00, '2015-01-15', 20, 4),
    ('IN011', 'Tomat', 20, 1500.00, '2015-01-15', 20, 4),
    ('IN012', 'Daun Seledri', 20, 500.00, '2015-01-15', 20, 4),
    ('IN013', 'Sapi', 20, 6000.00, '2015-01-15', 20, 4),
    ('IN014', 'Jahe', 20, 200.00, '2015-01-15', 20, 4),
    ('IN015', 'Lada', 20, 200.00, '2015-01-15', 20, 4),
    ('IN016', 'Ayam Paha', 20, 3000.00, '2015-01-15', 20, 4),
    ('IN017', 'Ayam Dada', 20, 3000.00, '2015-01-15', 20, 4),
    ('IN018', 'Bawang Bombay', 20, 100.00, '2015-01-15', 20, 4),
    ('IN019', 'Ikan Bandeng', 20, 5000.00, '2015-01-15', 20, 4),
    ('IN020', 'Ikan Bawal', 20, 5000.00, '2015-01-15', 20, 4),
    ('IN021', 'Ikan Nila', 20, 5000.00, '2015-01-15', 20, 4),
    ('IN022', 'Belut', 20, 3500.00, '2015-01-15', 20, 4),
    ('IN023', 'Cumi', 20, 3500.00, '2015-01-15', 20, 4),
    ('IN024', 'Tepung', 20, 150.00, '2015-01-15', 20, 4),
    ('IN025', 'Kentang', 20, 1000.00, '2015-01-15', 20, 4),
    ('IN026', 'Jamur', 20, 1000.00, '2015-01-15', 20, 4),
    ('IN027', 'Tahu', 20, 500.00, '2015-01-15', 20, 4),
    ('IN028', 'Tempe', 20, 500.00, '2015-01-15', 20, 4),
    ('IN029', 'Pete', 20, 200.00, '2015-01-15', 20, 4),
    ('IN030', 'Terong', 20, 200.00, '2015-01-15', 20, 4),
    ('IN031', 'Kangkung', 20, 200.00, '2015-01-15', 20, 4),
    ('IN032', 'Toge', 20, 200.00, '2015-01-15', 20, 4),
    ('IN033', 'Ikan Asin', 20, 1000.00, '2015-01-15', 20, 4),
    ('IN034', 'Bayam', 20, 200.00, '2015-01-15', 20, 4),
    ('IN035', 'Wortel', 20, 200.00, '2015-01-15', 20, 4),
    ('IN036', 'Jagung', 20, 500.00, '2015-01-15', 20, 4),
    ('IN037', 'Labu', 20, 500.00, '2015-01-15', 20, 4),
    ('IN038', 'Kacang Panjang', 20, 500.00, '2015-01-15', 20, 4),
    ('IN039', 'Kacang Tanah', 20, 500.00, '2015-01-15', 20, 4),
    ('IN040', 'Melinjo', 20, 200.00, '2015-01-15', 20, 4),
    ('IN041', 'Jagung Muda', 20, 200.00, '2015-01-15', 20, 4),
    ('IN042', 'Baso Ikan', 20, 1000.00, '2015-01-15', 20, 4),
    ('IN043', 'Teh', 20, 200.00, '2015-01-15', 20, 4),
    ('IN044', 'Gula', 20, 200.00, '2015-01-15', 20, 4),
    ('IN045', 'Alpukat', 20, 2000.00, '2015-01-15', 20, 4),
    ('IN046', 'Jambu', 20, 2000.00, '2015-01-15', 20, 4),
    ('IN047', 'Melon', 20, 2000.00, '2015-01-15', 20, 4),
    ('IN048', 'Jeruk', 20, 2000.00, '2015-01-15', 20, 4),
    ('IN049', 'Apel', 20, 2000.00, '2015-01-15', 20, 4),
    ('IN050', 'Mangga', 20, 2000.00, '2015-01-15', 20, 4),
    ('IN051', 'Lemon', 20, 2000.00, '2015-01-15', 20, 4),
    ('IN052', 'Susu Coklat', 20, 3000.00, '2015-01-15', 20, 4),
    ('IN053', 'Susu Vanilla', 20, 3000.00, '2015-01-15', 20, 4),
    ('IN054', 'Cocacola', 20, 4000.00, '2015-01-15', 20, 4),
    ('IN055', 'Sprite', 20, 4000.00, '2015-01-15', 20, 4),
    ('IN056', 'Fanta', 20, 4000.00, '2015-01-15', 20, 4);

INSERT INTO headerpurchase (PurchaseID, SupplierID, ManagerID, PurchaseDate) VALUES
	('PC001', 'SU003', 'EM001', '2015-01-03'),
    ('PC002', 'SU004', 'EM001', '2015-01-06'),
    ('PC003', 'SU011', 'EM001', '2015-01-15'),
    ('PC004', 'SU010', 'EM001', '2015-01-24'),
    ('PC005', 'SU004', 'EM001', '2015-01-29'),
    
    ('PC006', 'SU008', 'EM001', '2015-02-03'),
    ('PC007', 'SU007', 'EM001', '2015-02-06'),
    ('PC008', 'SU006', 'EM001', '2015-02-15'),
    ('PC009', 'SU002', 'EM001', '2015-02-24'),
    ('PC010', 'SU001', 'EM001', '2015-02-28'),
    
    ('PC011', 'SU012', 'EM001', '2015-03-03'),
    ('PC012', 'SU003', 'EM001', '2015-03-06'),
    ('PC013', 'SU009', 'EM001', '2015-03-15'),
    ('PC014', 'SU003', 'EM001', '2015-03-24'),
    ('PC015', 'SU006', 'EM001', '2015-03-29'),
    
    ('PC016', 'SU001', 'EM001', '2015-04-03'),
    ('PC017', 'SU011', 'EM001', '2015-04-06'),
    ('PC018', 'SU006', 'EM001', '2015-04-15'),
    ('PC019', 'SU007', 'EM001', '2015-04-24'),
    ('PC020', 'SU009', 'EM001', '2015-04-29'),
    
    ('PC021', 'SU010', 'EM001', '2015-05-03'),
    ('PC022', 'SU012', 'EM001', '2015-05-06'),
    ('PC023', 'SU006', 'EM001', '2015-05-15'),
    ('PC024', 'SU008', 'EM001', '2015-05-24'),
    ('PC025', 'SU003', 'EM001', '2015-05-29'),
    
    ('PC026', 'SU009', 'EM001', '2015-06-03'),
    ('PC027', 'SU002', 'EM001', '2015-06-06'),
    ('PC028', 'SU010', 'EM001', '2015-06-15'),
    ('PC029', 'SU005', 'EM001', '2015-06-24'),
    ('PC030', 'SU006', 'EM001', '2015-06-29'),
    
    ('PC031', 'SU008', 'EM001', '2015-07-03'),
    ('PC032', 'SU009', 'EM001', '2015-07-06'),
    ('PC033', 'SU012', 'EM001', '2015-07-15'),
    ('PC034', 'SU010', 'EM001', '2015-07-24'),
    ('PC035', 'SU008', 'EM001', '2015-07-29'),
    
    ('PC036', 'SU009', 'EM001', '2015-08-03'),
    ('PC037', 'SU005', 'EM001', '2015-08-06'),
    ('PC038', 'SU006', 'EM001', '2015-08-15'),
    ('PC039', 'SU010', 'EM001', '2015-08-24'),
    ('PC040', 'SU005', 'EM001', '2015-08-29'),
    
	('PC041', 'SU002', 'EM001', '2015-09-03'),
    ('PC042', 'SU003', 'EM001', '2015-09-06'),
    ('PC043', 'SU001', 'EM001', '2015-09-15'),
    ('PC044', 'SU007', 'EM001', '2015-09-24'),
    ('PC045', 'SU004', 'EM001', '2015-09-29'),
    
	('PC046', 'SU006', 'EM001', '2015-10-03'),
    ('PC047', 'SU011', 'EM001', '2015-10-06'),
    ('PC048', 'SU012', 'EM001', '2015-10-15'),
    ('PC049', 'SU005', 'EM001', '2015-10-24'),
    ('PC050', 'SU003', 'EM001', '2015-10-29'),
    
	('PC051', 'SU005', 'EM001', '2015-11-03'),
    ('PC052', 'SU009', 'EM001', '2015-11-06'),
    ('PC053', 'SU007', 'EM001', '2015-11-15'),
    ('PC054', 'SU008', 'EM001', '2015-11-24'),
    ('PC055', 'SU005', 'EM001', '2015-11-29'),
    
	('PC056', 'SU012', 'EM001', '2015-12-03'),
    ('PC057', 'SU005', 'EM001', '2015-12-06'),
    ('PC058', 'SU011', 'EM001', '2015-12-15'),
    ('PC059', 'SU008', 'EM001', '2015-12-24'),
    ('PC060', 'SU004', 'EM001', '2015-12-29'),
    
	('PC061', 'SU003', 'EM001', '2016-01-03'),
    ('PC062', 'SU004', 'EM001', '2016-01-06'),
    ('PC063', 'SU011', 'EM001', '2016-01-15'),
    ('PC064', 'SU010', 'EM001', '2016-01-24'),
    ('PC065', 'SU004', 'EM001', '2016-01-29'),
    
    ('PC066', 'SU008', 'EM001', '2016-02-03'),
    ('PC067', 'SU007', 'EM001', '2016-02-06'),
    ('PC068', 'SU006', 'EM001', '2016-02-15'),
    ('PC069', 'SU002', 'EM001', '2016-02-24'),
    ('PC070', 'SU001', 'EM001', '2016-02-28'),
    
    ('PC071', 'SU012', 'EM001', '2016-03-03'),
    ('PC072', 'SU003', 'EM001', '2016-03-06'),
    ('PC073', 'SU009', 'EM001', '2016-03-15'),
    ('PC074', 'SU003', 'EM001', '2016-03-24'),
    ('PC075', 'SU006', 'EM001', '2016-03-29'),
    
    ('PC076', 'SU001', 'EM001', '2016-04-03'),
    ('PC077', 'SU011', 'EM001', '2016-04-06'),
    ('PC078', 'SU006', 'EM001', '2016-04-15'),
    ('PC079', 'SU007', 'EM001', '2016-04-24'),
    ('PC080', 'SU009', 'EM001', '2016-04-29'),
    
    ('PC081', 'SU010', 'EM001', '2016-05-03'),
    ('PC082', 'SU012', 'EM001', '2016-05-06'),
    ('PC083', 'SU006', 'EM001', '2016-05-15'),
    ('PC084', 'SU008', 'EM001', '2016-05-24'),
    ('PC085', 'SU003', 'EM001', '2016-05-29'),
    
    ('PC086', 'SU009', 'EM001', '2016-06-03'),
    ('PC087', 'SU002', 'EM001', '2016-06-06'),
    ('PC088', 'SU010', 'EM001', '2016-06-15'),
    ('PC089', 'SU005', 'EM001', '2016-06-24'),
    ('PC090', 'SU006', 'EM001', '2016-06-29'),
    
    ('PC091', 'SU008', 'EM001', '2016-07-03'),
    ('PC092', 'SU009', 'EM001', '2016-07-06'),
    ('PC093', 'SU012', 'EM001', '2016-07-15'),
    ('PC094', 'SU010', 'EM001', '2016-07-24'),
    ('PC095', 'SU008', 'EM001', '2016-07-29'),
    
    ('PC096', 'SU009', 'EM001', '2016-08-03'),
    ('PC097', 'SU005', 'EM001', '2016-08-06'),
    ('PC098', 'SU006', 'EM001', '2016-08-15'),
    ('PC099', 'SU010', 'EM001', '2016-08-24'),
    ('PC100', 'SU005', 'EM001', '2016-08-29'),
    
	('PC101', 'SU002', 'EM001', '2016-09-03'),
    ('PC102', 'SU003', 'EM001', '2016-09-06'),
    ('PC103', 'SU001', 'EM001', '2016-09-15'),
    ('PC104', 'SU007', 'EM001', '2016-09-24'),
    ('PC105', 'SU004', 'EM001', '2016-09-29'),
    
	('PC106', 'SU006', 'EM001', '2016-10-03'),
    ('PC107', 'SU011', 'EM001', '2016-10-06'),
    ('PC108', 'SU012', 'EM001', '2016-10-15'),
    ('PC109', 'SU005', 'EM001', '2016-10-24'),
    ('PC110', 'SU003', 'EM001', '2016-10-29'),
    
	('PC111', 'SU005', 'EM001', '2016-11-03'),
    ('PC112', 'SU009', 'EM001', '2016-11-06'),
    ('PC113', 'SU007', 'EM001', '2016-11-15'),
    ('PC114', 'SU008', 'EM001', '2016-11-24'),
    ('PC115', 'SU005', 'EM001', '2016-11-29'),
    
	('PC116', 'SU012', 'EM001', '2016-12-03'),
    ('PC117', 'SU005', 'EM001', '2016-12-06'),
    ('PC118', 'SU011', 'EM001', '2016-12-15'),
    ('PC119', 'SU008', 'EM001', '2016-12-24'),
    ('PC120', 'SU004', 'EM001', '2016-12-29');

INSERT INTO detailpurchase (PurchaseID, IngredientsID, Qty) VALUES
	('PC001', 'IN001', 16), ('PC001', 'IN003', 16),
    ('PC002', 'IN002', 16), ('PC002', 'IN009', 16),
    ('PC003', 'IN012', 16), ('PC003', 'IN008', 16),
    ('PC004', 'IN003', 16), ('PC004', 'IN004', 16),
    ('PC005', 'IN005', 16), ('PC005', 'IN006', 16),
    
    ('PC006', 'IN006', 16), ('PC006', 'IN013', 16),
    ('PC007', 'IN007', 16), ('PC007', 'IN016', 16),
    ('PC008', 'IN009', 16), ('PC008', 'IN018', 16),
    ('PC009', 'IN011', 16), ('PC009', 'IN020', 16),
    ('PC010', 'IN006', 16), ('PC010', 'IN015', 16),
    
    ('PC011', 'IN022', 16), ('PC011', 'IN014', 16),
    ('PC012', 'IN022', 16), ('PC012', 'IN039', 16),
    ('PC013', 'IN024', 16), ('PC013', 'IN038', 16),
    ('PC014', 'IN023', 16), ('PC014', 'IN037', 16),
    ('PC015', 'IN025', 16), ('PC015', 'IN036', 16),
    
    ('PC016', 'IN027', 16), ('PC016', 'IN035', 16),
    ('PC017', 'IN028', 16), ('PC017', 'IN034', 16),
    ('PC018', 'IN029', 16), ('PC018', 'IN033', 16),
    ('PC019', 'IN030', 16), ('PC019', 'IN032', 16),
    ('PC020', 'IN021', 16), ('PC020', 'IN031', 16),
    
	('PC021', 'IN040', 16), ('PC021', 'IN050', 16),
    ('PC022', 'IN041', 16), ('PC022', 'IN022', 16),
    ('PC023', 'IN042', 16), ('PC023', 'IN034', 16),
    ('PC024', 'IN043', 16), ('PC024', 'IN044', 16),
    ('PC025', 'IN044', 16), ('PC025', 'IN056', 16),
    
    ('PC026', 'IN045', 16), ('PC026', 'IN055', 16),
    ('PC027', 'IN046', 16), ('PC027', 'IN054', 16),
    ('PC028', 'IN047', 16), ('PC028', 'IN053', 16),
    ('PC029', 'IN048', 16), ('PC029', 'IN052', 16),
    ('PC030', 'IN049', 16), ('PC030', 'IN051', 16),
    
    ('PC031', 'IN001', 16), ('PC031', 'IN040', 16),
    ('PC032', 'IN002', 16), ('PC032', 'IN039', 16),
    ('PC033', 'IN003', 16), ('PC033', 'IN038', 16),
    ('PC034', 'IN004', 16), ('PC034', 'IN037', 16),
    ('PC035', 'IN005', 16), ('PC035', 'IN036', 16),
    
    ('PC036', 'IN006', 16), ('PC036', 'IN035', 16),
    ('PC037', 'IN007', 16), ('PC037', 'IN034', 16),
    ('PC038', 'IN008', 16), ('PC038', 'IN033', 16),
    ('PC039', 'IN009', 16), ('PC039', 'IN032', 16),
    ('PC040', 'IN010', 16), ('PC040', 'IN031', 16),
    
	
	('PC041', 'IN020', 16), ('PC041', 'IN040', 16),
    ('PC042', 'IN019', 16), ('PC042', 'IN041', 16),
    ('PC043', 'IN018', 16), ('PC043', 'IN042', 16),
    ('PC044', 'IN017', 16), ('PC044', 'IN043', 16),
    ('PC045', 'IN016', 16), ('PC045', 'IN044', 16),
    
    ('PC046', 'IN015', 16), ('PC046', 'IN045', 16),
    ('PC047', 'IN014', 16), ('PC047', 'IN046', 16),
    ('PC048', 'IN013', 16), ('PC048', 'IN047', 16),
    ('PC049', 'IN012', 16), ('PC049', 'IN048', 16),
    ('PC050', 'IN011', 16), ('PC050', 'IN049', 16),
    
	('PC051', 'IN022', 16), ('PC051', 'IN015', 16),
    ('PC052', 'IN033', 16), ('PC052', 'IN016', 16),
    ('PC053', 'IN044', 16), ('PC053', 'IN017', 16),
    ('PC054', 'IN055', 16), ('PC054', 'IN018', 16),
    ('PC055', 'IN056', 16), ('PC055', 'IN019', 16),
    
    ('PC056', 'IN011', 16), ('PC056', 'IN020', 16),
    ('PC057', 'IN010', 16), ('PC057', 'IN030', 16),
    ('PC058', 'IN052', 16), ('PC058', 'IN040', 16),
    ('PC059', 'IN053', 16), ('PC059', 'IN050', 16),
    ('PC060', 'IN054', 16), ('PC060', 'IN010', 16),
    
    ('PC061', 'IN001', 16), ('PC061', 'IN005', 16),
    ('PC062', 'IN011', 16), ('PC062', 'IN015', 16),
    ('PC063', 'IN021', 16), ('PC063', 'IN025', 16),
    ('PC064', 'IN031', 16), ('PC064', 'IN035', 16),
    ('PC065', 'IN041', 16), ('PC065', 'IN045', 16),
    
    ('PC066', 'IN051', 16), ('PC066', 'IN055', 16),
    ('PC067', 'IN052', 16), ('PC067', 'IN035', 16),
    ('PC068', 'IN042', 16), ('PC068', 'IN034', 16),
    ('PC069', 'IN032', 16), ('PC069', 'IN033', 16),
    ('PC070', 'IN022', 16), ('PC070', 'IN032', 16),
    
	('PC071', 'IN002', 16), ('PC071', 'IN019', 16),
    ('PC072', 'IN022', 16), ('PC072', 'IN029', 16),
    ('PC073', 'IN032', 16), ('PC073', 'IN031', 16),
    ('PC074', 'IN042', 16), ('PC074', 'IN049', 16),
    ('PC075', 'IN052', 16), ('PC075', 'IN002', 16),
    
    ('PC076', 'IN025', 16), ('PC076', 'IN033', 16),
    ('PC077', 'IN013', 16), ('PC077', 'IN044', 16),
    ('PC078', 'IN023', 16), ('PC078', 'IN055', 16),
    ('PC079', 'IN043', 16), ('PC079', 'IN031', 16),
    ('PC080', 'IN053', 16), ('PC080', 'IN036', 16),
    
    ('PC081', 'IN010', 16), ('PC081', 'IN005', 16),
    ('PC082', 'IN020', 16), ('PC082', 'IN001', 16),
    ('PC083', 'IN030', 16), ('PC083', 'IN002', 16),
    ('PC084', 'IN040', 16), ('PC084', 'IN003', 16),
    ('PC085', 'IN050', 16), ('PC085', 'IN004', 16),
    
    ('PC086', 'IN049', 16), ('PC086', 'IN005', 16),
    ('PC087', 'IN039', 16), ('PC087', 'IN006', 16),
    ('PC088', 'IN029', 16), ('PC088', 'IN007', 16),
    ('PC089', 'IN010', 16), ('PC089', 'IN008', 16),
    ('PC090', 'IN009', 16), ('PC090', 'IN017', 16),
    
	('PC091', 'IN011', 16), ('PC091', 'IN056', 16),
    ('PC092', 'IN012', 16), ('PC092', 'IN041', 16),
    ('PC093', 'IN013', 16), ('PC093', 'IN042', 16),
    ('PC094', 'IN014', 16), ('PC094', 'IN043', 16),
    ('PC095', 'IN015', 16), ('PC095', 'IN044', 16),
    
    ('PC096', 'IN020', 16), ('PC096', 'IN045', 16),
    ('PC097', 'IN019', 16), ('PC097', 'IN046', 16),
    ('PC098', 'IN018', 16), ('PC098', 'IN047', 16),
    ('PC099', 'IN017', 16), ('PC099', 'IN048', 16),
    ('PC100', 'IN016', 16), ('PC100', 'IN049', 16),
    
    ('PC101', 'IN033', 16), ('PC101', 'IN021', 16),
    ('PC102', 'IN034', 16), ('PC102', 'IN029', 16),
    ('PC103', 'IN035', 16), ('PC103', 'IN028', 16),
    ('PC104', 'IN036', 16), ('PC104', 'IN027', 16),
    ('PC105', 'IN037', 16), ('PC105', 'IN026', 16),
    
    ('PC106', 'IN038', 16), ('PC106', 'IN025', 16),
    ('PC107', 'IN039', 16), ('PC107', 'IN024', 16),
    ('PC108', 'IN040', 16), ('PC108', 'IN023', 16),
    ('PC109', 'IN041', 16), ('PC109', 'IN022', 16),
    ('PC110', 'IN042', 16), ('PC100', 'IN021', 16),
    
	('PC111', 'IN001', 16), ('PC111', 'IN040', 16),
    ('PC112', 'IN002', 16), ('PC112', 'IN039', 16),
    ('PC113', 'IN003', 16), ('PC113', 'IN038', 16),
    ('PC114', 'IN004', 16), ('PC114', 'IN037', 16),
    ('PC115', 'IN005', 16), ('PC115', 'IN036', 16),
    
    ('PC116', 'IN006', 16), ('PC116', 'IN035', 16),
    ('PC117', 'IN007', 16), ('PC117', 'IN034', 16),
    ('PC118', 'IN008', 16), ('PC118', 'IN033', 16),
    ('PC119', 'IN009', 16), ('PC119', 'IN032', 16),
    ('PC120', 'IN010', 16), ('PC120', 'IN031', 16);
    

INSERT INTO courier_shift (EmployeeID, ShiftCode, ShiftStartDate, ShiftEndDate) VALUES
	('EM008','SC001','2015-10-1','2015-1-15'),
    ('EM009','SC001','2015-3-5','2015-5-19'),
    ('EM010','SC002','2016-5-23','2016-8-7'),
    ('EM011','SC002','2016-7-20','2016-10-4');

INSERT INTO cashier_shift (EmployeeID, ShiftCode, ShiftStartDate, ShiftEndDate) VALUES
	('EM012','SC001','2015-9-25','2015-12-4'),
    ('EM013','SC001','2015-6-21','2015-9-28'),
    ('EM014','SC002','2016-5-17','2016-8-17'),
    ('EM015','SC002','2016-4-26','2016-7-18');
    
INSERT INTO delivery (DeliveryID, EmployeeID, Distance, DeliveryFeePerKm, TotalDeliveryFee) VALUES
	('DV001','EM008','10','1000','10000'),
    ('DV002','EM009','2.5','500','12500'),
    ('DV003','EM008','5','500','2500'),
    ('DV004','EM010','7','1000','7000'),
    ('DV005','EM011','3','500','1500'),
    ('DV006','EM011','2','500','1000'),
    ('DV007','EM010','11','1000','11000'),
    ('DV008','EM008','16','1000','16000'),
    ('DV009','EM009','8','1000','8000'),
    ('DV010','EM009','15','1000','15000');
    

INSERT INTO restaurantTable (TableID, TableNumber) VALUES
    ('TB001', '1'),
    ('TB002', '10'),
    ('TB003', '4'),
    ('TB004', '6'),
    ('TB005', '9'),
    ('TB006', '7'),
    ('TB007', '5'),
    ('TB008', '5'),
    ('TB009', '7'),
    ('TB010', '2'),
    ('TB011', '1'),
    ('TB012', '2'),
    ('TB013', '3'),
    ('TB014', '3'),
    ('TB015', '8'),
    ('TB016', '9'),
    ('TB017', '6'),
    ('TB018', '8'),
    ('TB019', '4'),
    ('TB020', '10');

INSERT INTO TableList(TableNumber, TableCapacity, TableStatus) VALUES
    ('1', 8, 'Occupied'),
    ('2', 4, 'Available'),
    ('3', 4, 'Occupied'),
    ('4', 8, 'Available'),
    ('5', 6, 'Available'),
    ('6', 6, 'Occupied'),
    ('7', 8, 'Occupied'),
    ('8', 4, 'Occupied'),
    ('9', 6, 'Available'),
    ('10', 4, 'Available');

INSERT INTO booking (BookingCode, TableNumber, CustomerID, BookingDate, BookingTime, NumberOfCust) VALUES
    ('BO001', '1', 'CU039', '2015-05-15', '08:01:59', 7),
    ('BO002', '10', 'CU012', '2015-05-21', '11:30:21', 1),
    ('BO003', '4', 'CU054', '2015-06-04', '12:04:15', 8),
    ('BO004', '6', 'CU003', '2015-06-18', '18:00:00', 6),
    ('BO005', '9', 'CU022', '2015-07-30', '13:17:40', 5),
    ('BO006', '7', 'CU023', '2015-08-17', '19:50:05', 8),
    ('BO007', '5', 'CU040', '2015-08-20', '18:35:00', 6),
    ('BO008', '5', 'CU042', '2015-09-02', '12:00:00', 6),
    ('BO009', '7', 'CU065', '2015-09-11', '20:20:20', 7),
    ('BO010', '2', 'CU001', '2015-09-16', '09:05:00', 4),
    ('BO011', '1', 'CU007', '2016-09-22', '11:59:30', 8),
    ('BO012', '2', 'CU015', '2016-10-01', '13:00:01', 2),
    ('BO013', '3', 'CU018', '2016-10-10', '19:30:02', 4),
    ('BO014', '3', 'CU027', '2016-10-12', '21:10:00', 3),
    ('BO015', '8', 'CU036', '2016-10-15', '15:03:10', 4),
    ('BO016', '9', 'CU055', '2016-10-20', '18:15:00', 6),
    ('BO017', '6', 'CU039', '2016-11-01', '09:19:59', 6),
    ('BO018', '8', 'CU064', '2016-11-04', '20:02:30', 2),
    ('BO019', '4', 'CU044', '2016-11-06', '13:30:00', 8),
    ('BO020', '10', 'CU038', '2016-11-09', '21:55:02', 1);
    

INSERT INTO detailtable (TransactionID, TableID) VALUES
    ('TR001', 'TB001'),
    ('TR002', 'TB002'),
    ('TR003', 'TB003'),
    ('TR004', 'TB004'),
    ('TR005', 'TB005'),
    ('TR006', 'TB006'),
    ('TR007', 'TB007'),
    ('TR008', 'TB008'),
    ('TR009', 'TB009'),
    ('TR010', 'TB010'),
    ('TR011', 'TB011'),
    ('TR012', 'TB012'),
    ('TR013', 'TB013'),
    ('TR014', 'TB014'),
    ('TR015', 'TB015'),
    ('TR016', 'TB016'),
    ('TR017', 'TB017'),
    ('TR018', 'TB018'),
    ('TR019', 'TB019'),
    ('TR020', 'TB020');

INSERT INTO booking_table (BookingCode, TableID) VALUES
    ('BO001', 'TB001'),
    ('BO002', 'TB002'),
    ('BO003', 'TB003'),
    ('BO004', 'TB004'),
    ('BO005', 'TB005'),
    ('BO006', 'TB006'),
    ('BO007', 'TB007'),
    ('BO008', 'TB008'),
    ('BO009', 'TB009'),
    ('BO010', 'TB010'),
    ('BO011', 'TB011'),
    ('BO012', 'TB012'),
    ('BO013', 'TB013'),
    ('BO014', 'TB014'),
    ('BO015', 'TB015'),
    ('BO016', 'TB016'),
    ('BO017', 'TB017'),
    ('BO018', 'TB018'),
    ('BO019', 'TB019'),
    ('BO020', 'TB020');

    INSERT INTO headertransaction (TransactionID, CustomerID, EmployeeID, DeliveryID, TransactionDate, TransactionTime, PaymentMethod, OrderType) VALUES
	('TR001', 'CU029','EM015','0','2015-01-01','18:24:09','CreditCard','Take Away'),
    ('TR002', 'CU030','EM013','0','2015-01-06','11:20:30','Cash','Dine-In'),
    ('TR003', 'CU028','EM014','DV001','2015-01-12','20:44:10','Cash','Delivery'),
    ('TR004', 'CU026','EM012','0','2015-01-23','12:40:50','Debit Card','Dine-In'),
    ('TR005', 'CU027','EM013','0','2015-01-30','10:10:12','Cash','Dine-In'),
    ('TR006', 'CU001','EM012','0','2015-02-01','12:40:50','Debit Card','Take Away'),
    ('TR007', 'CU003','EM013','0','2015-02-08','14:30:20','CreditCard','Dine-In'),
    ('TR008', 'CU005','EM012','0','2015-02-12','13:53:00','Cash','Dine-In'),
    ('TR009', 'CU004','EM012','0','2015-02-23','10:10:12','Debit Card','Dine-In'),
    ('TR010', 'CU002','EM013','0','2015-02-28','11:20:30','Cash','Take Away'),
    
    ('TR011', 'CU024','EM014','0','2015-03-01','17:41:50','CreditCard','Dine-In'),
    ('TR012', 'CU021','EM013','0','2015-03-08','15:01:40','Debit Card','Dine-In'),
    ('TR013', 'CU023','EM012','0','2015-03-12','10:10:12','Cash','Take Away'),
    ('TR014', 'CU025','EM012','DV002','2015-03-23','12:40:50','Cash','Online'),
    ('TR015', 'CU022','EM015','0','2015-03-30','16:08:13','CreditCard','Dine-In'),
    ('TR016', 'CU039','EM014','0','2015-04-01','19:00:13','Debit Card','Dine-In'),
    ('TR017', 'CU037','EM014','0','2015-04-08','19:11:27','Cash','Take Away'),
    ('TR018', 'CU036','EM013','0','2015-04-12','10:10:12','CreditCard','Dine-In'),
    ('TR019', 'CU035','EM013','0','2015-04-23','12:40:50','Cash','Dine-In'),
    ('TR020', 'CU040','EM015','0','2015-04-30','18:50:28','Debit Card','Take Away'),
    
    ('TR021', 'CU007','EM012','0','2015-05-01','10:10:12','Cash','Dine-In'),
    ('TR022', 'CU006','EM013','0','2015-05-08','11:20:30','CreditCard','Dine-In'),
    ('TR023', 'CU010','EM014','0','2015-05-12','18:24:09','Debit Card','Dine-In'),
    ('TR024', 'CU009','EM012','0','2015-05-23','14:30:20','Cash','Take Away'),
    ('TR025', 'CU008','EM013','0','2015-05-30','12:40:50','Debit Card','Dine-In'),
    ('TR026', 'CU011','EM015','0','2015-06-01','20:44:10','Cash','Dine-In'),
    ('TR027', 'CU013','EM014','0','2015-06-08','19:11:27','CreditCard','Dine-In'),
    ('TR028', 'CU014','EM012','0','2015-06-12','10:10:12','Debit Card','Take Away'),
    ('TR029', 'CU015','EM012','0','2015-06-23','13:53:00','Cash','Take Away'),
    ('TR030', 'CU012','EM013','0','2015-06-30','12:40:50','Cash','Dine-In'),
    
    ('TR031', 'CU019','EM013','0','2015-07-01','10:10:12','Debit Card','Dine-In'),
    ('TR032', 'CU020','EM015','0','2015-07-08','15:01:40','Cash','Dine-In'),
    ('TR033', 'CU016','EM012','0','2015-07-12','12:40:50','Cash','Take Away'),
    ('TR034', 'CU018','EM012','0','2015-07-23','11:20:30','CreditCard','Dine-In'),
    ('TR035', 'CU017','EM014','0','2015-07-30','16:08:13','Cash','Dine-In'),
    ('TR036', 'CU032','EM014','0','2015-08-01','19:11:27','Cash','Take Away'),
    ('TR037', 'CU033','EM015','0','2015-08-08','17:41:50','CreditCard','Dine-In'),
    ('TR038', 'CU032','EM012','DV003','2015-08-12','10:10:12','Cash','Online'),
    ('TR039', 'CU035','EM013','0','2015-08-23','12:40:50','Cash','Take Away'),
    ('TR040', 'CU034','EM015','0','2015-08-30','19:00:13','CreditCard','Dine-In'),
    
    ('TR041', 'CU065','EM012','0','2015-09-01','14:30:20','Debit Card','Dine-In'),
    ('TR042', 'CU061','EM013','0','2015-09-08','12:40:50','Cash','Take Away'),
    ('TR043', 'CU062','EM013','0','2015-09-12','10:10:12','CreditCard','Dine-In'),
    ('TR044', 'CU064','EM015','0','2015-09-23','19:11:27','Cash','Dine-In'),
    ('TR045', 'CU063','EM014','0','2015-09-30','18:24:09','Cash','Dine-In'),
    ('TR046', 'CU050','EM012','0','2015-10-01','12:40:50','Debit Card','Dine-In'),
    ('TR047', 'CU049','EM013','DV004','2015-10-08','11:20:30','Cash','Delivery'),
    ('TR048', 'CU047','EM014','0','2015-10-12','17:41:50','CreditCard','Take Away'),
    ('TR049', 'CU048','EM012','0','2015-10-23','12:40:50','Cash','Take Away'),
    ('TR050', 'CU046','EM015','0','2015-10-30','20:44:10','Cash','Dine-In'),
    
    ('TR051', 'CU057','EM013','0','2015-11-01','10:10:12','Cash','Dine-In'),
    ('TR052', 'CU058','EM012','0','2015-11-08','12:40:50','Debit Card','Take Away'),
    ('TR053', 'CU059','EM012','0','2015-11-12','13:53:00','Debit Card','Dine-In'),
    ('TR054', 'CU056','EM015','0','2015-11-23','17:41:50','Cash','Dine-In'),
    ('TR055', 'CU060','EM013','0','2015-11-30','12:40:50','CreditCard','Take Away'),
    ('TR056', 'CU051','EM014','0','2015-12-01','16:08:13','Cash','Take Away'),
    ('TR057', 'CU052','EM012','0','2015-12-08','10:10:12','Cash','Dine-In'),
    ('TR058', 'CU055','EM013','0','2015-12-12','12:40:50','CreditCard','Dine-In'),
    ('TR059', 'CU053','EM014','0','2015-12-23','19:00:13','Cash','Dine-In'),
    ('TR060', 'CU054','EM015','0','2015-12-30','19:11:27','Debit Card','Dine-In'),
    
    ('TR061', 'CU041','EM013','DV005','2016-01-01','14:30:20','Cash','Online'),
    ('TR062', 'CU045','EM012','0','2016-01-08','11:20:30','Debit Card','Dine-In'),
    ('TR063', 'CU042','EM013','0','2016-01-14','11:28:30','CreditCard','Dine-In'),
    ('TR064', 'CU044','EM012','0','2016-01-16','10:10:12','Cash','Take Away'),
    ('TR065', 'CU043','EM013','0','2016-01-22','12:40:50','Debit Card','Dine-In'),
    ('TR066', 'CU063','EM013','0','2016-02-28','14:30:20','Debit Card','Take Away'),
    ('TR067', 'CU062','EM012','0','2016-02-08','12:40:50','Cash','Take Away'),
    ('TR068', 'CU065','EM015','0','2016-02-12','16:08:13','Cash','Dine-In'),
    ('TR069', 'CU061','EM014','0','2016-02-23','15:01:40','CreditCard','Dine-In'),
    ('TR070', 'CU064','EM012','0','2016-02-27','10:10:12','Debit Card','Dine-In'),
    
    ('TR071', 'CU030','EM015','0','2016-03-01','15:01:40','Cash','Dine-In'),
    ('TR072', 'CU029','EM015','0','2016-03-08','18:24:09','CreditCard','Take Away'),
    ('TR073', 'CU026','EM014','0','2016-03-12','15:01:40','Debit Card','Dine-In'),
    ('TR074', 'CU028','EM014','0','2016-03-23','20:44:10','Cash','Dine-In'),
    ('TR075', 'CU027','EM013','0','2016-03-30','10:10:12','Cash','Take Away'),
    ('TR076', 'CU022','EM012','0','2016-04-01','13:53:00','Debit Card','Take Away'),
    ('TR077', 'CU024','EM013','0','2016-04-08','10:10:12','CreditCard','Dine-In'),
    ('TR078', 'CU025','EM015','DV006','2016-04-12','17:41:50','Cash','Delivery'),
    ('TR079', 'CU021','EM014','0','2016-04-23','19:11:27','Cash','Take Away'),
    ('TR080', 'CU023','EM013','0','2016-04-30','14:30:20','Debit Card','Dine-In'),
    ('TR081', 'CU037','EM013','0','2016-05-01','12:40:50','Cash','Take Away'),
    ('TR082', 'CU036','EM012','0','2016-05-08','10:10:12','Debit Card','Dine-In'),
    ('TR083', 'CU040','EM015','DV007','2016-05-12','16:08:13','Cash','Delivery'),
    ('TR084', 'CU038','EM014','0','2016-05-23','19:00:13','CreditCard','Take Away'),
    ('TR085', 'CU039','EM014','0','2016-05-30','17:41:50','Cash','Take Away'),
    ('TR086', 'CU019','EM014','0','2016-06-01','15:01:40','CreditCard','Dine-In'),
    ('TR087', 'CU039','EM013','0','2016-06-08','10:10:12','Cash','Dine-In'),
    ('TR088', 'CU029','EM014','0','2016-06-12','18:24:09','Debit Card','Take Away'),
    ('TR089', 'CU009','EM015','0','2016-06-23','19:11:27','Cash','Take Away'),
    ('TR090', 'CU020','EM014','0','2016-06-30','19:00:13','Debit Card','Dine-In'),
    
    ('TR091', 'CU012','EM015','0','2016-07-01','20:44:10','Cash','Take Away'),
    ('TR092', 'CU013','EM013','0','2016-07-08','10:10:12','CreditCard','Dine-In'),
    ('TR093', 'CU015','EM012','0','2016-07-12','14:30:20','Debit Card','Take Away'),
    ('TR094', 'CU011','EM015','0','2016-07-23','17:41:50','Cash','Dine-In'),
    ('TR095', 'CU014','EM013','0','2016-07-30','12:40:50','Cash','Dine-In'),
    ('TR096', 'CU047','EM012','0','2016-08-01','13:53:00','CreditCard','Dine-In'),
    ('TR097', 'CU046','EM013','0','2016-08-08','10:10:12','Cash','Take Away'),
    ('TR098', 'CU048','EM015','DV008','2016-08-12','16:08:13','Cash','Online'),
    ('TR099', 'CU049','EM014','0','2016-08-23','19:00:13','Debit Card','Dine-In'),
    ('TR100', 'CU050','EM015','0','2016-08-30','17:41:50','Cash','Dine-In'),
    
    ('TR101', 'CU017','EM013','0','2016-09-01','12:40:50','Cash','Dine-In'),
    ('TR102', 'CU016','EM012','0','2016-09-08','10:10:12','Debit Card','Dine-In'),
    ('TR103', 'CU020','EM014','0','2016-09-12','19:11:27','Cash','Take Away'),
    ('TR104', 'CU018','EM014','0','2016-09-23','17:41:50','Debit Card','Dine-In'),
    ('TR105', 'CU019','EM015','0','2016-09-30','18:24:09','CreditCard','Dine-In'),
    ('TR106', 'CU052','EM012','0','2016-10-01','12:40:50','Cash','Take Away'),
    ('TR107', 'CU054','EM013','0','2016-10-08','10:10:12','Cash','Dine-In'),
    ('TR108', 'CU051','EM015','0','2016-10-12','15:01:40','Debit Card','Dine-In'),
    ('TR109', 'CU055','EM012','0','2016-10-23','14:30:20','CreditCard','Dine-In'),
    ('TR110', 'CU053','EM014','0','2016-10-30','19:00:13','Debit Card','Take Away'),
    
    ('TR111', 'CU001','EM014','0','2016-11-01','20:44:10','Cash','Dine-In'),
    ('TR112', 'CU005','EM013','0','2016-11-08','10:10:12','Debit Card','Dine-In'),
    ('TR113', 'CU002','EM015','DV009','2016-11-12','17:41:50','Cash','Delivery'),
    ('TR114', 'CU003','EM014','0','2016-11-23','16:08:13','Cash','Take Away'),
    ('TR115', 'CU004','EM015','0','2016-11-30','19:00:13','CreditCard','Dine-In'),
    ('TR116', 'CU029','EM013','DV010','2016-12-01','12:40:50','Cash','Delivery'),
    ('TR117', 'CU039','EM012','0','2016-12-08','13:53:00','CreditCard','Dine-In'),
    ('TR118', 'CU019','EM012','0','2016-12-12','10:10:12','Debit Card','Take Away'),
    ('TR119', 'CU009','EM013','0','2016-12-23','14:30:20','Debit Card','Dine-In'),
    ('TR120', 'CU049','EM014','0','2016-12-30','17:41:50','CreditCard','Dine-In');

INSERT INTO detailtransaction (TransactionID, ProductID, Qty) VALUES
	 ('TR001','PR002', '1'), ('TR001','PR029', '1'),
     ('TR002','PP001','1'), 
     ('TR003','PR044','1'), ('TR003','PR017','1'),('TR003','PR001','1'),
     ('TR004','PR003','1'), ('TR004','PR028','1'),
     ('TR005','PR009','1'), ('TR005','PR038','1'),('TR005','PR001','1'),
     ('TR006','PR002','1'), ('TR006','PR028','1'), 
     ('TR007','PP002','1'), ('TR008','PR002','1'),
     ('TR008','PR032','1'),
     ('TR009','PR013','1'), ('TR009','PR028','1'), ('TR009','PR001','1'),
     ('TR010','PR014','1'), ('TR010','PR029','1'), 
     
     ('TR011','PR015','1'), ('TR011','PR028','1'), ('TR011','PR001','1'),
     ('TR012','PR016','1'), ('TR012','PR029','1'), ('TR012','PR001','1'),
     ('TR013','PR017','1'),('TR013','PR030','1'),  ('TR013','PR001','1'),
     ('TR014','PR018','1'), ('TR014','PR031','1'), ('TR014','PR001','1'),
     ('TR015','PP003','1'),
     ('TR016','PP041','1'),
     ('TR017','PR021','1'), ('TR017','PR032','1'), ('TR017','PR001','1'), 
     ('TR018','PR022','1'), ('TR018','PR033','1'), ('TR018','PR001','1'),
     ('TR019','PR023','1'), ('TR019','PR034','1'), ('TR019','PR001','1'),
     ('TR020','PR024','1'), ('TR020','PR035','1'), ('TR020','PR001','1'), 
     
     ('TR021','PR025','1'), ('TR021','PR036','1'), ('TR021','PR001','1'),
     ('TR022','PR026','1'), ('TR022','PR037','1'), ('TR022','PR001','1'),
     ('TR023','PR027','1'),('TR023','PR038','1'),('TR023','PR001','1'),
     ('TR024','PP005','1'),
     ('TR025','PR019','1'), ('TR025','PR040','1'), ('TR025','PR001','1'),
     ('TR026','PR020','1'), ('TR026','PR042','1'), ('TR026','PR001','1'),
     ('TR027','PR002','1'), ('TR027','PR043','1'),
     ('TR028','PR003','1'), ('TR028','PR044','1'), 
     ('TR029','PR004','1'), ('TR029','PR039','1'), ('TR030','PP001','1'),
     
     ('TR031','PR005','1'), ('TR031','PR041','1'),
     ('TR032','PR006','1'), ('TR032','PR028','1'), ('TR032','PR001','1'),
     ('TR033','PR007','1'), ('TR033','PR029','1'), ('TR033','PR001','1'),
     ('TR034','PR008','1'), ('TR034','PR030','1'), ('TR034','PR001','1'),
     ('TR035','PP002','1'), ('TR036','PR009','1'), ('TR036','PR031','1'),
     ('TR036','PR001','1'), 
     ('TR037','PR010','1'), ('TR037','PR032','1'), ('TR037','PR001','1'), 
     ('TR038','PR011','1'), ('TR038','PR033','1'), ('TR038','PR001','1'), 
     ('TR039','PR012','1'), ('TR039','PR034','1'), ('TR039','PR001','1'),
     ('TR040','PP003','1'),
     
     ('TR041','PP004','1'),
     ('TR042','PR002','1'), ('TR042','PR035','1'),
     ('TR043','PR003','1'), ('TR043','PR036','1'),
     ('TR044','PR004','1'), ('TR044','PR037','1'),
     ('TR045','PR005','1'), ('TR045','PR038','1'),
     ('TR046','PR007','1'), ('TR046','PR040','1'), ('TR046','PR001','1'),
     ('TR047','PR008','1'), ('TR047','PR041','1'), ('TR047','PR001','1'),
     ('TR048','PR009','1'), ('TR048','PR042','1'), ('TR048','PR001','1'),
     ('TR049','PR010','1'), ('TR049','PR043','1'), ('TR049','PR001','1'), 
     ('TR050','PP005','1'),
     
     ('TR051','PR013','1'), ('TR051','PR039','1'), ('TR051','PR001','1'), 
     ('TR052','PR014','1'), ('TR052','PR040','1'), ('TR052','PR001','1'),
     ('TR053','PR015','1'), ('TR053','PR041','1'), ('TR053','PR001','1'),
     ('TR054','PR016','1'), ('TR054','PR042','1'), ('TR054','PR001','1'),
     ('TR055','PP001','1'), 
     ('TR056','PR019','1'), ('TR056','PR028','1'),('TR056','PR001','1'),
     ('TR057','PR020','1'), ('TR057','PR029','1'), ('TR057','PR001','1'),  
     ('TR058','PR021','1'), ('TR058','PR030','1'), ('TR058','PR001','1'), 
     ('TR059','PR022','1'), ('TR059','PR031','1'), ('TR059','PR001','1'),
     ('TR060','PP002','1'),
     
     ('TR061', 'PR002', '1'), ('TR061', 'PR029', '1'), 
     ('TR062','PP001','1'), 
     ('TR063','PR044','1'), ('TR063','PR017','1'), ('TR063','PR001','1'),
     ('TR064','PR003','1'), 
     ('TR064','PR028','1'),
     ('TR065','PR009','1'), ('TR065','PR038','1'), ('TR065','PR001','1'),
     ('TR066','PR002','1'), ('TR066','PR028','1'),
     ('TR067','PP002','1'), 
     ('TR068','PR002','1'), ('TR068','PR032','1'), 
     ('TR069','PR013','1'), ('TR069','PR028','1'), ('TR069','PR001','1'),
     ('TR070','PR014','1'), ('TR070','PR029','1'),
     
     ('TR071','PR015','1'), ('TR071','PR028','1'), ('TR071','PR001','1'),
     ('TR072','PR016','1'), ('TR072','PR029','1'), ('TR072','PR001','1'),
     ('TR073','PR017','1'), ('TR073','PR030','1'), ('TR073','PR001','1'),
     ('TR074','PR018','1'), ('TR074','PR031','1'), ('TR074','PR001','1'),
     ('TR075','PP003','1'), 
     ('TR076','PP041','1'),
     ('TR077','PR021','1'), ('TR077','PR032','1'), ('TR077','PR001','1'),
     ('TR078','PR022','1'), ('TR078','PR033','1'), ('TR078','PR001','1'),
     ('TR079','PR023','1'), ('TR079','PR034','1'), ('TR079','PR001','1'),
     ('TR080','PR024','1'), ('TR080','PR035','1'), ('TR080','PR001','1'),
     
     ('TR081','PR025','1'), ('TR081','PR036','1'), ('TR081','PR001','1'),
     ('TR082','PR026','1'), ('TR082','PR037','1'), ('TR082','PR001','1'),
     ('TR083','PR027','1'), ('TR083','PR038','1'), ('TR083','PR001','1'), 
     ('TR084','PP005','1'), 
     ('TR085','PR019','1'), ('TR085','PR040','1'), ('TR085','PR001','1'),
     ('TR086','PR020','1'), ('TR086','PR042','1'), ('TR086','PR001','1'),
     ('TR087','PR002','1'), ('TR087','PR043','1'), 
     ('TR088','PR003','1'), ('TR088','PR044','1'), 
     ('TR089','PR004','1'), ('TR089','PR039','1'),
     ('TR090','PP001','1'),
     
     ('TR091','PR005','1'), ('TR091','PR041','1'),
     ('TR092','PR006','1'), ('TR092','PR028','1'), ('TR092','PR001','1'),
     ('TR093','PR007','1'), ('TR093','PR029','1'), ('TR093','PR001','1'),
     ('TR094','PR008','1'), ('TR094','PR030','1'), ('TR094','PR001','1'),
     ('TR095','PP002','1'), 
     ('TR096','PR009','1'), ('TR096','PR031','1'), ('TR096','PR001','1'), 
     ('TR097','PR010','1'), ('TR097','PR032','1'), ('TR097','PR001','1'),
     ('TR098','PR011','1'), ('TR098','PR033','1'), ('TR098','PR001','1'), 
     ('TR099','PR012','1'), ('TR099','PR034','1'), ('TR099','PR001','1'), 
     ('TR100','PP003','1'),
     
     ('TR101','PP004','1'),
     ('TR102','PR002','1'), ('TR102','PR035','1'), 
     ('TR103','PR003','1'), ('TR103','PR036','1'), 
     ('TR104','PR004','1'), ('TR104','PR037','1'),
     ('TR105','PR005','1'), ('TR105','PR038','1'),
     ('TR106','PR007','1'), ('TR106','PR040','1'), ('TR106','PR001','1'),
     ('TR107','PR008','1'), ('TR107','PR041','1'), ('TR107','PR001','1'),
     ('TR108','PR009','1'), ('TR108','PR042','1'), ('TR108','PR001','1'),
     ('TR109','PR010','1'), ('TR109','PR043','1'), ('TR109','PR001','1'), 
     ('TR110','PP005','1'), 
     
     ('TR111','PR013','1'), ('TR111','PR039','1'), ('TR111','PR001','1'),
     ('TR112','PR014','1'), ('TR112','PR040','1'), ('TR112','PR001','1'), 
     ('TR113','PR015','1'), ('TR113','PR041','1'), ('TR113','PR001','1'),
     ('TR114','PR016','1'), ('TR114','PR042','1'), ('TR114','PR001','1'),
     ('TR115','PP001','1'), 
     ('TR116','PR019','1'), ('TR116','PR028','1'),('TR116','PR001','1'),
     ('TR117','PR020','1'),('TR117','PR029','1'),('TR117','PR001','1'),
     ('TR118','PR021','1'),('TR118','PR030','1'),('TR118','PR001','1'),
     ('TR119','PR022','1'),('TR119','PR031','1'),('TR119','PR001','1'),
     ('TR120','PP002','1');